"season","variable","n","start_year","end_year","slope_per_year_GLS_AR1","slope_per_decade_GLS_AR1","se_GLS_AR1","ci_low_decade_GLS_AR1","ci_high_decade_GLS_AR1","p_GLS_AR1","slope_per_year_OLS","p_OLS_HAC","slope_per_year_Sen","slope_per_decade_Sen","p_MK","tau_MK"
"Annual","NDVI",25,2001,2025,0.00322221554015674,0.0322221554015674,0.000531379639196679,0.0218071144733125,0.0426371963298223,0.00000348192303543416,0.0034806149326055,0.0000000000042062606334681,0.00351439099641733,0.0351439099641733,0.00000000145804841953164,0.866666666666666
"Dry","NDVI",24,2002,2025,0.00403664896127494,0.0403664896127494,0.000745053027353815,0.0257634502766146,0.0549695289488841,0.0000192695490488208,0.00451910177242156,0.00000000115443938831558,0.00467038607485898,0.0467038607485898,0.0000000966317106733258,0.782608695652174
"Wet","NDVI",25,2001,2025,0.00249451611094826,0.0249451611094826,0.000260716676323455,0.0198351142535429,0.0300552079654223,0.00000000174743186700556,0.0025165647582143,0.000000000000915010016994046,0.0024733806384872,0.024733806384872,0.0000000181733599823231,0.806666666666667
