"season","variable","n","slope_per_year_GLS_AR1","slope_per_decade_GLS_AR1","se_GLS_AR1","ci_low_decade_GLS_AR1","ci_high_decade_GLS_AR1","p_GLS_AR1","slope_per_year_OLS","p_OLS_HAC","slope_per_year_Sen","slope_per_decade_Sen","p_MK","tau_MK"
"Annual","NDVI",25,0.00322221554015674,0.0322221554015674,0.000531379639196679,0.0218071144733125,0.0426371963298223,0.00000348192303543416,0.0034806149326055,0.0000000000042062606334681,0.00351439099641733,0.0351439099641733,0.00000000145804841953164,0.866666666666666
"Dry","NDVI",25,0.00500188975441069,0.0500188975441069,0.000636828957160285,0.0375370499837653,0.0625007451044484,0.0000000586989237106582,0.00491977591546316,0.000000000543701919522701,0.00495728584786327,0.0495728584786327,0.0000000237990784632481,0.8
"Wet","NDVI",25,0.00249451611094826,0.0249451611094826,0.000260716676323455,0.0198351142535429,0.0300552079654223,0.00000000174743186700556,0.0025165647582143,0.000000000000915010016994046,0.0024733806384872,0.024733806384872,0.0000000181733599823231,0.806666666666667
