variable,variable_label,lag_months_climate_leads_ndvi,n_months,effective_n,pearson_r,p_autocorrelation_adjusted,ci95_low,ci95_high,p_FDR_BH,significant_FDR_0p05
PPT,Precipitation,0,300,238.826731403213,0.22442516185059802,0.00047448926479441565,0.10034034630806664,0.3416356426971568,0.002875234118407063,True
Sradi,Solar radiation,0,300,267.5720946591102,-0.2410881243246521,6.773873179529691e-05,-0.35086358289533964,-0.1247762262200347,0.0009127306715720545,True
Temp,Temperature,1,299,291.0085956319086,0.08384144915416461,0.1536933926926084,-0.03144328224493487,0.19692466220887284,0.2305400890389126,False
